{
  "default_alpha": 0.5,
  "rating_scale": [
    0.5,
    5.0
  ],
  "relevance_threshold": 3.5,
  "metrics": {
    "svd_rmse": 0.8727424497999596,
    "svd_mae": 0.6713104990953718,
    "precision_at_10": 0.7446,
    "recall_at_10": 0.5086,
    "baseline_rmse": 1.4243202893053593,
    "improvement_pct": 38.725688572084024
  }
}